Barcode,priority,diversity
'3001232,3,4
'1031230,3,4
'2200200,4,2
'1120200,3,3
'1002200,3,3
'3212200,3,4
'0132200,3,4
'3101200,3,4
'2021200,1,3
'1311200,3,4
'0303200,3,3
'2113200,3,4
'3033200,3,3
'0100100,4,2
'3020100,3,4
'1210100,1,3
'2330100,3,4
'3302100,3,4
'2122100,3,3
'0221100,3,3
'1131100,3,3
'2003100,3,4
'1323100,1,4
'1300300,1,3
'3110300,3,3
'0230300,3,3
'0022300,3,3
'2312300,3,4
'3321300,3,4
'3203300,1,3
'1013300,3,3
'0020020,2,2
'2210020,3,3
'1130020,3,4
'2002020,4,2
'3122020,3,4
'0312020,3,4
'0201020,3,3
'2321020,3,4
'1011020,3,3
'1303020,3,4
'3233020,3,3
'3300220,3,3
'2030220,3,3
'1221220,2,3
'0331220,3,4
'0123220,3,4
'1202120,1,3
'3012120,3,4
'2101120,3,3
'0213120,3,4
'1033120,3,4
'3220320,3,3
'0102320,1,4
'1322320,3,4
'2232320,3,3
'3001320,3,4
'2023320,3,3
'3313320,3,4
'1220010,3,3
'3010010,3,3
'0330010,3,3
'3202010,3,4
'2112010,2,3
'1032010,3,4
'1101010,4,2
'2231010,3,4
'3323010,3,4
'2320210,1,4
'3230210,3,4
'0211210,1,3
'1203210,3,4
'0322110,1,4
'3132110,3,4
'2313110,3,4
'2100310,3,4
'1212310,3,4
'0301310,3,3
'1021310,3,4
'0223310,1,4
'2120030,3,4
'1310030,3,3
'0232030,1,3
'3301030,3,3
'2203030,3,3
'1023030,3,4
'0113030,3,3
'0220230,3,3
'2102230,3,4
'3200130,3,4
'2010130,1,4
'1332130,3,4
'3121130,3,4
'1103130,1,3
'3030330,4,2
'1201330,3,4
'0011330,3,3
'2131330,3,4
'3002002,3,3
'0122002,3,3
'2212002,3,3
'1332002,3,4
'1201002,3,3
'0011002,3,3
'2131002,1,4
'2303002,3,3
'3223002,3,3
'0320202,3,3
'1030202,1,4
'0202202,4,2
'3231202,1,4
'1103202,3,4
'3313202,3,4
'2110102,3,3
'1022102,1,3
'0312102,3,4
'2321102,3,4
'0033102,3,4
'2020302,3,3
'2102302,3,4
'1121302,3,4
'0331302,3,4
'0213302,3,4
'1320022,3,4
'0110022,3,3
'3030022,3,3
'1102022,3,3
'3211022,3,4
'2123022,1,4
'0200122,2,3
'3120122,3,4
'1010122,3,3
'2302122,3,4
'3232122,3,3
'0021122,3,3
'1331122,3,3
'3003122,3,4
'1223122,3,3
'2310322,3,4
'1230322,3,4
'3022322,3,3
'2201322,1,4
'3131322,3,3
'0303322,3,3
'0302012,3,4
'2022012,3,3
'0221012,3,3
'2311012,1,4
'1003012,3,4
'3113012,3,4
'0100212,3,3
'3020212,3,4
'2210212,3,3
'0012212,1,3
'1232212,3,3
'1301212,3,4
'2121212,4,2
'2033212,1,4
'3300112,3,4
'1130112,3,4
'2203112,3,4
'0123112,3,4
'0030312,3,4
'3312312,3,3
'2323312,3,3
'2230032,1,3
'3322032,3,3
'1012032,3,4
'0101032,3,4
'1133032,3,4
'1200232,3,4
'3110232,3,4
'2312232,3,3
'0023232,3,3
'0330132,2,4
'3102132,3,4
'2032132,3,4
'3213132,3,3
'0120332,3,4
'1302332,3,4
'3221332,3,3
'2322001,3,4
'3112001,3,4
'0032001,3,4
'2001001,3,3
'0203001,3,4
'1123001,3,4
'3220201,3,4
'2310201,3,4
'2232201,3,4
'0121201,1,3
'3011201,3,4
'1213201,3,4
'3130101,3,3
'1102101,3,3
'2012101,3,3
'3201101,3,4
'0113101,3,3
'0302301,3,4
'2211301,3,4
'1031301,3,3
'3023301,3,4
'3310021,3,4
'0230021,3,4
'1022021,3,3
'2132021,3,4
'3101021,1,4
'0323021,3,4
'2013021,3,4
'2100221,1,3
'1330221,3,4
'1001221,2,3
'3321221,1,3
'3203221,3,4
'0033221,3,4
'2020121,3,3
'0122121,3,3
'1312121,1,3
'0301121,3,4
'3031121,3,4
'2233121,3,3
'1120321,1,4
'0010321,3,4
'3212321,1,3
'0221321,3,4
'2331321,3,3
'0120011,3,3
'2030011,3,4
'0212011,3,3
'3021011,3,4
'1331011,2,3
'2103011,3,4
'1010211,3,3
'2002211,2,3
'0332211,3,4
'3131211,3,3
'1323211,3,3
'0200311,3,4
'3320311,3,4
'3102311,3,4
'0313311,1,3
'1202031,3,4
'0311031,3,3
'3231031,3,4
'3003031,3,3
'0300231,3,4
'0112231,3,4
'3032231,1,4
'2201231,3,4
'2123231,3,3
'1220131,3,4
'0131131,3,3
'2303131,1,4
'1013131,1,3
'2110331,3,4
'2022331,3,4
'1132331,1,3
'1321331,3,3
'3232003,3,3
'0301003,1,3
'1021003,3,4
'3103003,3,3
'1313003,3,3
'2033003,3,3
'2130203,3,4
'2302203,3,3
'0031203,1,4
'0223203,3,3
'3310103,1,3
'2231103,3,4
'1203103,3,4
'1220303,3,4
'3122303,1,4
'2330023,3,3
'3302023,1,3
'1212023,3,4
'0121023,3,4
'3023023,1,3
'1020223,3,4
'0210223,3,4
'2011223,3,4
'1131223,3,3
'2323223,4,2
'3113223,2,3
'1100123,3,4
'0320123,3,4
'2112123,3,3
'0032123,3,4
'3221123,3,3
'0130323,3,4
'1002323,3,4
'0311323,3,4
'2103323,3,4
'3130013,1,3
'1122013,3,4
'0013013,3,3
'1233013,1,4
'1312213,3,3
'3201213,3,4
'0321213,3,4
'0133213,1,4
'2120113,3,4
'0230113,3,4
'3002113,3,4
'2332113,2,3
'0303113,3,3
'1023113,3,4
'2010313,3,4
'1330313,3,3
'2202313,3,4
'0112313,3,4
'3031313,3,3
'3213313,3,3
'3220033,1,3
'0030033,4,2
'3011033,1,3
'1211233,3,3
'2331233,3,3
'2003233,3,3
'0313233,3,4
'3233233,4,2
'0110133,2,3
'0202133,3,4
'1001133,3,3
'3323133,3,3
'2133133,3,3
